{"cameraMode":{"drawMode":0,"name":"Shaded","section":"Shading Mode"},"sceneLighting":true,"audioPlay":false,"sceneViewState":{"m_AlwaysRefresh":false,"showFog":true,"showSkybox":true,"showFlares":true,"showImageEffects":true,"showParticleSystems":true,"showVisualEffectGraphs":true,"m_FxEnabled":true},"in2DMode":false,"pivot":{"x":11.577795028686524,"y":-11.896584510803223,"z":-5.146515846252441},"rotation":{"x":0.23072414100170136,"y":-0.7187032699584961,"z":0.27946457266807558,"w":0.5935475826263428},"size":39.161312103271487,"orthographic":false}